{
    "basic_transform": {
        "config_name": "basic_transform",
        "epoch_losses": [
            0.38519833395455744,
            0.24174268210821964,
            0.18408517915993294,
            0.19690756216407457,
            0.17189935701800155,
            0.1347483974346455,
            0.11511012232129245,
            0.1103059530377071,
            0.11209964962240229,
            0.10685892607224115,
            0.08446416899839297,
            0.1064674802956746
        ],
        "final_loss": 0.1064674802956746,
        "training_time": 378.7243127822876
    },
    "horizontal_flip": {
        "config_name": "horizontal_flip",
        "epoch_losses": [
            0.7555582188862435,
            0.5122618703766072,
            0.5103646779948092,
            0.5151563648213732,
            0.5002743847509648,
            0.5154392048716545,
            0.4518774835036156,
            0.41365922939904193,
            0.42179364029397354,
            0.3809240759211652,
            0.4150783311020821,
            0.4467564881482023
        ],
        "final_loss": 0.4467564881482023,
        "training_time": 387.85341787338257
    },
    "color_jitter": {
        "config_name": "color_jitter",
        "epoch_losses": [
            0.3599284822319416,
            0.2667222500560766,
            0.23670994712317245,
            0.20278398688644805,
            0.17652863648502118,
            0.1518896793589947,
            0.15008436307865888,
            0.13748132609861327,
            0.14180800615948566,
            0.14072835441440978,
            0.1147992729031025,
            0.10279334865589725
        ],
        "final_loss": 0.10279334865589725,
        "training_time": 1626.6556603908539
    },
    "normalized": {
        "config_name": "normalized",
        "epoch_losses": [
            0.7207461787348098,
            0.2807826585671369,
            0.2648513950407505,
            0.2192668562081266,
            0.18930070954275893,
            0.15490911599803478,
            0.1455662424497782,
            0.1310423524812498,
            0.11541145857661328,
            0.11002538208552498,
            0.0915977073278516,
            0.08490011458622014
        ],
        "final_loss": 0.08490011458622014,
        "training_time": 434.81771183013916
    },
    "combined_augmentation": {
        "config_name": "combined_augmentation",
        "epoch_losses": [
            0.727469542876203,
            0.5435037208681411,
            0.5235813848198728,
            0.4574093073606491,
            0.5030897267638369,
            0.521914465788831,
            0.48905129952633636,
            0.43873776099149214,
            0.4288748879223428,
            0.446864635782673,
            0.42228758921648596,
            0.4478732999810513
        ],
        "final_loss": 0.4478732999810513,
        "training_time": 645.835372209549
    }
}