{
    "no_freeze": {
        "config_name": "no_freeze",
        "freeze_backbone": false,
        "unfreeze_layer4": false,
        "backbone_type": "resnet50",
        "lr": 0.0001,
        "epochs": 15,
        "trainable_params": 41076761,
        "total_params": 41299161,
        "epoch_losses": [
            0.35580433881346213,
            0.21845453050225339,
            0.19559441360228874,
            0.1661761110608882,
            0.15718964324828158,
            0.16200153452364055,
            0.12078228852454018,
            0.10066672204498281,
            0.09614209275930485,
            0.09697772271217818,
            0.09267243774647409,
            0.080246999760733,
            0.07711902642226283,
            0.0628684751213865,
            0.06005320245241548
        ],
        "final_loss": 0.06005320245241548,
        "training_time": 474.3953068256378
    },
    "freeze_backbone": {
        "config_name": "freeze_backbone",
        "freeze_backbone": true,
        "unfreeze_layer4": false,
        "backbone_type": "resnet50",
        "lr": 0.0001,
        "epochs": 15,
        "trainable_params": 14499865,
        "total_params": 41299161,
        "epoch_losses": [
            0.45328040611236653,
            0.286530687453899,
            0.2517305575311184,
            0.23930805873997668,
            0.22183213826823742,
            0.21242979878282292,
            0.19969985970949872,
            0.18419714707960474,
            0.1892026542745372,
            0.17522099003829855,
            0.1700899701248458,
            0.15796235239410655,
            0.15457705808605285,
            0.14731985596107675,
            0.14345562868216571
        ],
        "final_loss": 0.14345562868216571,
        "training_time": 441.84946370124817
    },
    "gradual_unfreeze": {
        "config_name": "gradual_unfreeze",
        "freeze_backbone": true,
        "unfreeze_layer4": true,
        "backbone_type": "resnet50",
        "lr": 0.0001,
        "epochs": 15,
        "trainable_params": 29442073,
        "total_params": 41299161,
        "epoch_losses": [
            0.34667671158751273,
            0.23094781924118388,
            0.20396526340157428,
            0.17977330385846027,
            0.16897619380912882,
            0.14828595324875193,
            0.13260135922501695,
            0.12850203848582634,
            0.11706197639293175,
            0.11004336748985534,
            0.10464393438652475,
            0.0974897608715803,
            0.09343855055247216,
            0.09841103969696671,
            0.08620865109000117
        ],
        "final_loss": 0.08620865109000117,
        "training_time": 451.29380202293396
    },
    "mobilenet": {
        "config_name": "mobilenet",
        "freeze_backbone": false,
        "unfreeze_layer4": false,
        "backbone_type": "mobilenet",
        "lr": 0.0001,
        "epochs": 15,
        "trainable_params": 18871333,
        "total_params": 18930229,
        "epoch_losses": [
            0.2051582980425434,
            0.23413014625932307,
            0.3183018241791015,
            0.3335445611242284,
            0.410979152993953,
            0.44332487516580743,
            0.4743276223381783,
            0.5572623685794942,
            0.6207681347398047,
            0.5532885260404424,
            0.6726943989224891,
            0.5835662859075881,
            0.7246719284894618,
            0.5835052856263963,
            0.5307642184197903
        ],
        "final_loss": 0.5307642184197903,
        "training_time": 434.0413272380829
    }
}