{
    "config1_baseline": {
        "lr": 0.0001,
        "batch_size": 1,
        "epochs": 10,
        "epoch_losses": [
            0.33465295617884777,
            0.23855068625763376,
            0.2157092692449372,
            0.19773699765271963,
            0.15683607998839083,
            0.13509237683041297,
            0.12281623680857902,
            0.10622219965258177,
            0.09918821920105751,
            0.09063385218936712
        ],
        "final_loss": 0.09063385218936712,
        "training_time": 380.7420768737793
    },
    "config2_high_lr": {
        "lr": 0.001,
        "batch_size": 1,
        "epochs": 10,
        "epoch_losses": [
            1.4311106905658195,
            0.760296050538408,
            0.7109829024114507,
            0.4543721333463141,
            0.35726393307460114,
            0.3601649260108775,
            0.2811859288906797,
            0.25022390159837743,
            0.25332988465720035,
            2379.1439096180998
        ],
        "final_loss": 2379.1439096180998,
        "training_time": 314.9243245124817
    },
    "config3_low_lr": {
        "lr": 1e-05,
        "batch_size": 1,
        "epochs": 10,
        "epoch_losses": [
            0.46781405120929503,
            0.2438432406237785,
            0.20597798660635314,
            0.1760205707136304,
            0.15653446378146715,
            0.1368195252453393,
            0.12590143225215217,
            0.11639811074797143,
            0.1035307124851549,
            0.09267173396383828
        ],
        "final_loss": 0.09267173396383828,
        "training_time": 313.7442054748535
    },
    "config4_batch2": {
        "lr": 0.0001,
        "batch_size": 2,
        "epochs": 8,
        "epoch_losses": [
            0.3562391493865784,
            0.2078927623781752,
            0.2042914498993691,
            0.18808599339520676,
            0.14076098450954924,
            0.11595218224411315,
            0.11112513805323458,
            0.1237067672562726
        ],
        "final_loss": 0.1237067672562726,
        "training_time": 257.6136100292206
    },
    "config5_batch4": {
        "lr": 0.0001,
        "batch_size": 4,
        "epochs": 8,
        "epoch_losses": [
            0.4509675409644842,
            0.2326550961782535,
            0.19039112888276577,
            0.17642245007057986,
            0.1561149526387453,
            0.13313244469463825,
            0.12045950489118695,
            0.09718022324765722
        ],
        "final_loss": 0.09718022324765722,
        "training_time": 254.64900088310242
    },
    "config6_more_epochs": {
        "lr": 0.0001,
        "batch_size": 1,
        "epochs": 15,
        "epoch_losses": [
            0.4027592804124381,
            0.21953618439271094,
            0.18301649847404755,
            0.20433425671480437,
            0.16116664094969313,
            0.1391929353567514,
            0.12957012221375677,
            0.20341327469399634,
            0.13400592845171055,
            0.12105700139828185,
            0.08963333473521028,
            0.07460592472133168,
            0.07168779227922255,
            0.08052087661394096,
            0.07627295282114535
        ],
        "final_loss": 0.07627295282114535,
        "training_time": 470.9026780128479
    }
}